16S.B,0-0.1,0,0.043241,0.010049,361,0,18,0,18.24user,0.86system,0:18.78elapsed,200,53,920,529539
16S.B,0-0.1,0,0.043241,0.010049,361,0,21,1,18.00user,0.70system,0:18.02elapsed,171,3,908,529630
16S.B,0-0.1,0,0.064129,0.012799,562,0,16,1,23.04user,0.88system,0:23.09elapsed,330,44,1709,802672
16S.B,0-0.1,0,0.064129,0.012799,562,0,21,0,22.70user,0.77system,0:22.65elapsed,239,44,1333,803139
16S.B,0-0.1,0,0.095544,0.017847,685,0,20,0,25.56user,0.96system,0:25.62elapsed,274,56,1580,979072
16S.B,0-0.1,0,0.095544,0.017847,685,0,21,1,25.64user,0.78system,0:25.67elapsed,268,13,1659,979042
16S.B,0-0.1,1,0.043241,0.010004,360,0,17,0,17.37user,0.77system,0:17.24elapsed,169,40,993,528039
16S.B,0-0.1,1,0.043241,0.010004,360,0,17,1,17.49user,0.81system,0:17.46elapsed,210,10,1166,527855
16S.B,0-0.1,1,0.063049,0.010983,441,0,20,0,19.26user,0.90system,0:19.33elapsed,178,81,1171,629744
16S.B,0-0.1,1,0.063049,0.010983,441,0,22,1,19.92user,0.81system,0:19.89elapsed,169,47,963,629995
16S.B,0-0.1,1,0.095544,0.017493,622,0,20,0,24.06user,0.86system,0:24.13elapsed,259,138,1450,889208
16S.B,0-0.1,1,0.095544,0.017493,622,0,20,1,24.08user,0.85system,0:24.04elapsed,240,87,1508,889220
16S.B,0-0.1,2,0.043241,0.009967,359,0,17,1,17.67user,0.79system,0:17.73elapsed,182,25,1079,526484
16S.B,0-0.1,2,0.043241,0.009967,359,0,21,0,17.36user,0.77system,0:17.28elapsed,159,3,895,526713
16S.B,0-0.1,2,0.067151,0.011957,373,0,16,1,17.72user,0.74system,0:17.57elapsed,205,41,1190,541521
16S.B,0-0.1,2,0.067151,0.011957,373,0,17,0,18.06user,0.77system,0:17.93elapsed,176,14,1016,541751
16S.B,0-0.1,2,0.081792,0.017002,611,0,22,1,24.34user,0.77system,0:24.29elapsed,232,22,1376,895306
16S.B,0-0.1,2,0.081792,0.017002,611,0,23,0,24.07user,0.79system,0:24.15elapsed,226,54,1282,895374
16S.B,0-0.1,3,0.043241,0.00993,358,0,19,1,18.30user,0.80system,0:18.35elapsed,144,37,958,525160
16S.B,0-0.1,3,0.043241,0.00993,358,0,21,0,18.92user,0.77system,0:18.84elapsed,154,30,791,525324
16S.B,0-0.1,3,0.067151,0.010678,365,0,20,1,18.81user,0.75system,0:18.69elapsed,160,2,957,535512
16S.B,0-0.1,3,0.067151,0.010678,365,0,23,0,18.51user,0.73system,0:18.52elapsed,153,0,826,535652
16S.B,0-0.1,3,0.081792,0.016995,609,0,21,1,23.59user,0.85system,0:23.55elapsed,227,74,1368,892318
16S.B,0-0.1,3,0.081792,0.016995,609,0,22,0,23.96user,0.87system,0:23.94elapsed,195,68,1324,892400
16S.B,0-0.1,4,0.043241,0.009902,357,0,15,1,17.63user,0.70system,0:17.54elapsed,169,71,1106,523482
16S.B,0-0.1,4,0.043241,0.009902,357,0,16,0,17.37user,0.75system,0:17.23elapsed,222,61,1159,523386
16S.B,0-0.1,4,0.067151,0.01047,363,0,19,0,17.65user,0.76system,0:17.52elapsed,168,25,974,532520
16S.B,0-0.1,4,0.067151,0.01047,363,0,21,1,17.81user,0.71system,0:17.73elapsed,169,11,853,532654
16S.B,0-0.1,4,0.081792,0.016946,606,0,20,0,23.75user,0.81system,0:23.69elapsed,238,27,1440,887977
16S.B,0-0.1,4,0.081792,0.016946,606,0,20,1,23.64user,0.95system,0:23.73elapsed,209,66,1507,887900
16S.B,0-0.1,5,0.043241,0.009873,356,0,19,0,17.44user,0.77system,0:17.35elapsed,140,51,835,522331
16S.B,0-0.1,5,0.043241,0.009873,356,0,20,1,17.36user,0.77system,0:17.24elapsed,152,36,899,522270
16S.B,0-0.1,5,0.07369,0.016162,257,0,17,1,15.36user,0.68system,0:15.15elapsed,114,26,827,376508
16S.B,0-0.1,5,0.07369,0.016162,257,0,20,0,15.17user,0.69system,0:15.04elapsed,105,18,581,376771
16S.B,0-0.1,5,0.081792,0.017027,588,0,19,0,22.91user,0.82system,0:22.93elapsed,220,65,1471,861138
16S.B,0-0.1,5,0.081792,0.017027,588,0,20,1,23.33user,0.88system,0:23.33elapsed,244,40,1318,861292
16S.B,0-0.1,6,0.043241,0.009844,355,0,19,0,17.25user,0.69system,0:17.04elapsed,195,0,906,520785
16S.B,0-0.1,6,0.043241,0.009844,355,0,19,1,17.26user,0.71system,0:17.12elapsed,151,37,939,520759
16S.B,0-0.1,6,0.056509,0.012406,246,0,17,1,14.68user,0.57system,0:14.49elapsed,160,0,735,332629
16S.B,0-0.1,6,0.056509,0.012406,246,0,20,0,14.58user,0.72system,0:14.41elapsed,106,10,664,332744
16S.B,0-0.1,6,0.081792,0.017031,587,0,18,1,23.08user,0.88system,0:23.11elapsed,242,88,1527,859568
16S.B,0-0.1,6,0.081792,0.017031,587,0,20,0,23.23user,0.91system,0:23.25elapsed,220,94,1427,859684
16S.B,0-0.1,7,0.043241,0.009521,348,0,16,0,17.04user,0.71system,0:16.86elapsed,186,18,1024,510541
16S.B,0-0.1,7,0.043241,0.009521,348,0,16,1,17.29user,0.79system,0:17.19elapsed,177,19,1036,510537
16S.B,0-0.1,7,0.063049,0.01132,215,0,19,1,14.06user,0.65system,0:13.94elapsed,109,11,600,307096
16S.B,0-0.1,7,0.063049,0.01132,215,0,20,0,14.26user,0.65system,0:14.04elapsed,93,5,537,307181
16S.B,0-0.1,7,0.081792,0.017055,585,0,19,1,23.08user,0.86system,0:23.05elapsed,248,75,1488,856658
16S.B,0-0.1,7,0.081792,0.017055,585,0,20,0,23.35user,0.90system,0:23.36elapsed,244,44,1474,856707
16S.B,0-0.1,8,0.043241,0.009508,347,0,20,0,17.50user,0.78system,0:17.39elapsed,172,9,816,509301
16S.B,0-0.1,8,0.043241,0.009508,347,0,22,1,16.94user,0.72system,0:16.81elapsed,122,42,763,509371
16S.B,0-0.1,8,0.056509,0.012624,209,0,20,0,14.12user,0.66system,0:13.89elapsed,85,2,427,282727
16S.B,0-0.1,8,0.056509,0.012624,209,0,20,1,13.90user,0.63system,0:13.68elapsed,101,9,553,282578
16S.B,0-0.1,8,0.081792,0.017074,583,0,20,0,23.22user,0.85system,0:23.18elapsed,230,69,1425,853794
16S.B,0-0.1,8,0.081792,0.017074,583,0,20,1,23.27user,0.77system,0:23.19elapsed,229,60,1439,853790
16S.B,0-0.1,9,0.043241,0.009494,346,0,16,0,17.22user,0.74system,0:17.10elapsed,198,9,1030,507590
16S.B,0-0.1,9,0.043241,0.009494,346,0,19,1,17.13user,0.72system,0:16.96elapsed,155,38,957,507677
16S.B,0-0.1,9,0.056509,0.012648,208,0,20,0,14.12user,0.72system,0:13.98elapsed,73,36,500,281387
16S.B,0-0.1,9,0.056509,0.012648,208,0,20,1,13.77user,0.66system,0:13.56elapsed,113,0,588,281295
16S.B,0.1-0.2,0,0.122405,0.026451,947,0,19,0,32.42user,0.94system,0:32.49elapsed,403,116,2410,1383552
16S.B,0.1-0.2,0,0.136393,0.039029,456,0,19,0,19.75user,0.80system,0:19.78elapsed,225,97,1191,613791
16S.B,0.1-0.2,0,0.17235,0.022067,742,0,17,0,27.03user,0.91system,0:27.12elapsed,284,108,2161,1059828
16S.B,0.1-0.2,0,0.193081,0.022997,745,0,20,0,27.14user,0.87system,0:27.26elapsed,257,93,1786,1064336
16S.B,0.1-0.2,1,0.111022,0.024908,923,0,19,0,31.89user,0.99system,0:32.02elapsed,378,174,2441,1351373
16S.B,0.1-0.2,1,0.136393,0.038544,450,0,22,0,19.44user,0.80system,0:19.47elapsed,203,46,1038,606239
16S.B,0.1-0.2,1,0.166665,0.042188,480,0,20,0,20.18user,0.87system,0:20.20elapsed,238,34,1243,648150
16S.B,0.1-0.2,1,0.177005,0.031322,536,0,19,0,22.03user,0.79system,0:21.99elapsed,405,117,1319,735207
16S.B,0.1-0.2,2,0.117863,0.021293,739,0,23,0,27.62user,0.93system,0:27.81elapsed,251,50,1527,1056317
16S.B,0.1-0.2,2,0.136393,0.038516,449,0,20,0,19.44user,0.85system,0:19.40elapsed,201,61,1043,604736
16S.B,0.1-0.2,2,0.154284,0.017885,386,0,20,0,17.90user,0.77system,0:17.92elapsed,168,37,972,560036
16S.B,0.1-0.2,2,0.177005,0.031027,534,0,23,0,21.77user,0.81system,0:21.78elapsed,374,25,1135,732634
16S.B,0.1-0.2,3,0.117863,0.021265,738,0,18,0,26.84user,0.92system,0:26.91elapsed,323,86,2001,1054276
16S.B,0.1-0.2,3,0.136393,0.038522,447,0,20,0,19.31user,0.76system,0:19.35elapsed,235,29,1162,602252
16S.B,0.1-0.2,3,0.154284,0.017304,385,0,23,0,17.90user,0.69system,0:17.85elapsed,121,13,803,558804
16S.B,0.1-0.2,3,0.177005,0.030874,532,0,22,0,21.47user,0.79system,0:21.46elapsed,370,34,1232,729590
16S.B,0.1-0.2,4,0.111022,0.019811,704,0,20,0,26.30user,0.88system,0:26.29elapsed,276,128,1652,1030119
16S.B,0.1-0.2,4,0.136393,0.03255,366,0,18,0,17.59user,0.77system,0:17.51elapsed,185,39,988,521906
16S.B,0.1-0.2,4,0.154284,0.0168,384,0,19,0,17.98user,0.74system,0:17.91elapsed,180,51,928,557126
16S.B,0.1-0.2,4,0.177005,0.030841,528,0,20,0,21.39user,0.78system,0:21.40elapsed,355,66,1259,723822
16S.B,0.1-0.2,5,0.111022,0.019775,703,0,19,0,26.44user,0.85system,0:26.50elapsed,321,60,1793,1028520
16S.B,0.1-0.2,5,0.136393,0.032577,365,0,21,0,17.52user,0.71system,0:17.45elapsed,169,31,816,520609
16S.B,0.2-0.3,0,0.217,0.045965,470,0,18,0,18.67user,0.76system,0:18.62elapsed,245,46,1322,449437
16S.B,0.2-0.3,0,0.226008,0.056723,773,0,20,0,27.54user,0.87system,0:27.69elapsed,336,117,1887,1071276
16S.B,0.2-0.3,0,0.265223,0.060131,364,0,18,0,17.57user,0.76system,0:17.53elapsed,174,33,1021,526013
16S.B,0.2-0.3,0,0.297041,0.034964,542,0,18,0,21.79user,0.79system,0:21.87elapsed,458,122,1388,743340
16S.B,0.2-0.3,1,0.217,0.043018,449,0,19,0,18.06user,0.77system,0:18.06elapsed,253,20,1158,424013
16S.B,0.2-0.3,1,0.226008,0.056674,771,0,22,0,28.01user,0.84system,0:28.13elapsed,333,146,1774,1068369
16S.B,0.2-0.3,1,0.265223,0.059959,363,0,17,0,17.50user,0.72system,0:17.37elapsed,201,16,1169,524404
16S.B,0.2-0.3,1,0.279295,0.098989,254,0,21,0,15.08user,0.57system,0:14.96elapsed,100,46,591,368730
16S.B,0.2-0.3,2,0.217,0.042868,448,0,20,0,18.16user,0.71system,0:17.98elapsed,262,36,1156,423108
16S.B,0.2-0.3,2,0.226008,0.056694,770,0,19,0,27.60user,0.96system,0:27.67elapsed,395,90,1899,1066779
16S.B,0.2-0.3,2,0.265223,0.059926,362,0,18,0,17.58user,0.74system,0:17.51elapsed,146,49,996,523208
16S.B,0.2-0.3,2,0.291137,0.0994,249,0,20,0,15.01user,0.66system,0:14.82elapsed,195,28,658,346131
16S.B,0.2-0.3,3,0.217,0.042913,447,0,18,0,18.08user,0.84system,0:18.03elapsed,275,23,1215,422235
16S.B,0.2-0.3,3,0.237352,0.060033,644,0,22,0,22.38user,0.83system,0:22.32elapsed,338,49,1464,626213
16S.B,0.2-0.3,3,0.254192,0.05342,282,0,18,0,15.80user,0.68system,0:15.70elapsed,356,59,696,387994
16S.B,0.2-0.3,3,0.291137,0.09876,248,0,19,0,15.12user,0.69system,0:14.94elapsed,182,58,642,345201
16S.B,0.2-0.3,4,0.217,0.040394,403,0,20,0,16.97user,0.80system,0:16.88elapsed,208,54,1008,385017
16S.B,0.2-0.3,4,0.237352,0.059977,643,0,18,0,22.46user,0.80system,0:22.48elapsed,310,115,1600,625194
16S.B,0.2-0.3,4,0.254192,0.048629,272,0,21,0,15.43user,0.71system,0:15.45elapsed,176,27,631,373885
16S.B,0.2-0.3,4,0.279295,0.098239,247,0,20,0,14.84user,0.63system,0:14.70elapsed,107,42,573,358409
16S.B,0.3-0.4,0,0.323742,0.084709,389,0,14,0,19.38user,0.83system,0:19.37elapsed,355,78,1314,563135
16S.B,0.3-0.4,0,0.336299,0.063,856,0,17,0,32.53user,1.00system,0:32.71elapsed,370,267,2359,1219240
16S.B,0.3-0.4,0,0.366735,0.087959,833,0,19,0,27.71user,1.01system,0:27.85elapsed,464,141,2020,822759
16S.B,0.3-0.4,0,0.390505,0.082475,910,0,24,0,30.81user,0.98system,0:30.94elapsed,277,130,1747,1298289
16S.B,0.3-0.4,1,0.323742,0.084819,388,0,17,0,18.30user,0.88system,0:18.34elapsed,324,91,1173,561800
16S.B,0.3-0.4,1,0.334458,0.041204,620,0,21,0,24.70user,0.85system,0:24.82elapsed,279,34,1384,887258
16S.B,0.3-0.4,1,0.366735,0.075457,713,0,16,0,24.86user,0.88system,0:25.00elapsed,454,184,2065,703100
16S.B,0.3-0.4,1,0.390505,0.081291,907,0,18,0,32.30user,0.96system,0:32.53elapsed,402,186,2444,1293027
16S.B,0.3-0.4,2,0.314665,0.025795,384,0,22,0,18.37user,0.76system,0:18.44elapsed,229,96,790,515849
16S.B,0.3-0.4,2,0.334458,0.040605,617,0,23,0,24.42user,0.81system,0:24.39elapsed,224,74,1277,882951
16S.B,0.3-0.4,2,0.37219,0.043609,628,0,24,0,24.85user,0.86system,0:24.98elapsed,315,71,1284,895953
16S.B,0.3-0.4,2,0.395576,0.145579,611,0,20,0,24.55user,0.74system,0:24.59elapsed,266,95,1438,889428
16S.B,0.3-0.4,3,0.314665,0.025615,383,0,17,0,18.45user,0.74system,0:18.29elapsed,300,41,1095,514176
16S.B,0.3-0.4,3,0.334458,0.040466,616,0,21,0,24.71user,0.90system,0:24.78elapsed,272,112,1383,881218
16S.B,0.3-0.4,3,0.371224,0.042521,625,0,19,0,25.40user,0.86system,0:25.41elapsed,355,54,1589,891369
16S.B,0.3-0.4,3,0.395576,0.14519,603,0,22,0,24.55user,0.88system,0:24.59elapsed,288,117,1277,878003
16S.B,0.3-0.4,4,0.314665,0.025486,382,0,19,0,18.65user,0.77system,0:18.64elapsed,253,66,999,512942
16S.B,0.3-0.4,4,0.334458,0.031686,528,0,18,0,22.54user,0.86system,0:22.54elapsed,254,75,1381,760298
16S.B,0.3-0.4,4,0.371224,0.042101,623,0,21,0,24.94user,0.74system,0:24.97elapsed,324,107,1322,889857
16S.B,0.3-0.4,4,0.395576,0.144993,601,0,20,0,24.32user,0.75system,0:24.27elapsed,215,239,1296,875021
16S.B,0.4-0.5,0,0.42411,0.149772,844,0,19,0,30.79user,0.80system,0:30.77elapsed,387,95,2140,1223745
16S.B,0.4-0.5,0,0.42411,0.149772,844,0,20,1,31.04user,1.01system,0:31.23elapsed,345,198,2004,1223820
16S.B,0.4-0.5,0,0.443451,0.062652,690,0,20,0,26.81user,0.86system,0:26.98elapsed,369,99,1644,975500
16S.B,0.4-0.5,0,0.443451,0.062652,690,0,21,1,27.41user,0.98system,0:27.55elapsed,342,68,1646,975556
16S.B,0.4-0.5,0,0.477484,0.112876,562,0,20,0,24.71user,0.92system,0:24.74elapsed,414,168,1296,814828
16S.B,0.4-0.5,0,0.477484,0.112876,562,0,22,1,23.69user,0.93system,0:23.76elapsed,394,208,1031,815073
16S.B,0.4-0.5,1,0.42411,0.149808,837,0,18,1,29.21user,0.99system,0:29.38elapsed,409,179,2082,1213506
16S.B,0.4-0.5,1,0.42411,0.149808,837,0,20,0,29.71user,0.90system,0:29.76elapsed,359,157,1867,1213793
16S.B,0.4-0.5,1,0.443451,0.062286,689,0,16,1,25.58user,0.94system,0:25.66elapsed,609,201,2014,973400
16S.B,0.4-0.5,1,0.443451,0.062286,689,0,19,0,25.46user,0.88system,0:25.44elapsed,389,42,1749,974044
16S.B,0.4-0.5,1,0.478913,0.1675,268,0,15,1,15.04user,0.74system,0:14.94elapsed,149,101,752,361852
16S.B,0.4-0.5,1,0.478913,0.1675,268,0,22,0,15.29user,0.77system,0:15.16elapsed,129,35,597,362093
16S.B,0.4-0.5,2,0.42411,0.149917,835,0,20,0,29.71user,0.96system,0:29.78elapsed,350,218,1862,1210817
16S.B,0.4-0.5,2,0.42411,0.149917,835,0,21,1,29.16user,0.97system,0:29.24elapsed,336,207,1784,1210920
16S.B,0.4-0.5,2,0.443451,0.060416,684,0,22,0,25.52user,0.93system,0:25.65elapsed,594,127,1516,966801
16S.B,0.4-0.5,2,0.443451,0.060416,684,0,24,1,25.26user,0.95system,0:25.32elapsed,496,210,1241,967091
16S.B,0.4-0.5,2,0.478913,0.166762,267,0,16,1,15.33user,0.65system,0:15.09elapsed,148,89,865,360453
16S.B,0.4-0.5,2,0.478913,0.166762,267,0,21,0,15.20user,0.67system,0:15.04elapsed,126,37,591,360801
16S.B,0.4-0.5,3,0.42411,0.150052,833,0,18,0,29.36user,0.90system,0:29.37elapsed,373,212,2135,1207632
16S.B,0.5-0.6,0,0.516271,0.119214,574,0,22,0,22.86user,0.72system,0:22.77elapsed,398,169,1153,832618
16S.B,0.5-0.6,0,0.5578,0.170459,1063,0,19,0,35.03user,1.04system,0:35.30elapsed,439,272,2382,1539535
16S.B,0.5-0.6,0,0.592889,0.208338,619,0,20,0,23.34user,0.72system,0:23.17elapsed,239,156,1362,819953
16S.B,0.5-0.6,1,0.522936,0.198195,560,0,18,0,22.26user,0.77system,0:22.22elapsed,398,164,1384,800508
16S.B,0.5-0.6,1,0.529169,0.058372,775,0,20,0,27.76user,0.96system,0:27.83elapsed,387,159,1847,1074166
16S.B,0.5-0.6,1,0.5578,0.17023,1059,0,16,0,37.66user,1.00system,0:37.89elapsed,494,422,2907,1533248
16S.B,0.5-0.6,1,0.592889,0.207533,617,0,18,0,25.17user,0.93system,0:25.21elapsed,222,317,1481,816926
16S.B,0.5-0.6,2,0.519102,0.196347,548,0,22,0,23.89user,0.82system,0:23.82elapsed,365,132,1130,783358
16S.B,0.5-0.6,2,0.536793,0.204241,586,0,18,0,24.61user,0.86system,0:24.63elapsed,461,184,1446,837286
16S.B,0.5-0.6,2,0.5578,0.170086,1056,0,21,0,39.68user,1.12system,0:40.14elapsed,427,298,2312,1529655
16S.B,0.5-0.6,2,0.592889,0.207552,613,0,19,0,25.12user,0.80system,0:25.26elapsed,244,284,1262,811398
16S.B,0.5-0.6,3,0.504374,0.079129,468,0,20,0,21.33user,0.87system,0:21.31elapsed,652,131,1028,609372
16S.B,0.5-0.6,3,0.545271,0.206554,395,0,21,0,20.28user,0.84system,0:20.27elapsed,204,172,712,567483
16S.B,0.6-0.7,0,0.614032,0.129002,867,0,22,0,32.37user,1.00system,0:32.56elapsed,476,131,1935,1194907
16S.B,0.6-0.7,0,0.630971,0.114555,513,0,19,0,21.96user,0.81system,0:21.96elapsed,702,116,1193,663558
16S.B,0.6-0.7,0,0.662003,0.22598,623,0,19,0,25.92user,0.98system,0:26.19elapsed,435,232,1368,890751
16S.B,0.6-0.7,0,0.687814,0.257355,1930,0,18,0,62.81user,1.49system,1:03.57elapsed,765,786,4473,2798132
16S.B,0.6-0.7,1,0.614032,0.122833,843,0,18,0,32.45user,0.85system,0:32.54elapsed,484,213,2178,1163829
16S.B,0.6-0.7,1,0.630971,0.114503,512,0,23,0,22.28user,0.79system,0:22.33elapsed,536,147,966,662440
16S.B,0.6-0.7,1,0.653046,0.096127,450,0,17,0,21.29user,0.80system,0:21.36elapsed,337,289,1012,651552
16S.B,0.6-0.7,1,0.687814,0.255728,1913,0,17,0,63.44user,1.59system,1:04.19elapsed,917,562,5067,2772789
16S.B,0.6-0.7,2,0.611794,0.240769,498,0,22,0,22.62user,0.73system,0:22.60elapsed,224,163,1016,648934
16S.B,0.6-0.7,2,0.630971,0.114535,510,0,18,0,22.86user,0.88system,0:22.85elapsed,737,160,1318,658962
16S.B,0.6-0.7,2,0.660392,0.198999,425,0,22,0,21.15user,0.76system,0:21.02elapsed,940,200,765,612368
16S.B,0.6-0.7,2,0.687814,0.255529,1907,0,19,0,61.78user,1.47system,1:02.37elapsed,827,659,4238,2764905
16S.B,0.6-0.7,3,0.611794,0.241251,493,0,21,0,21.28user,0.81system,0:21.24elapsed,221,204,1011,641819
16S.B,0.6-0.7,3,0.630971,0.114155,508,0,26,0,21.74user,0.77system,0:21.77elapsed,640,115,867,656842
16S.B,0.6-0.7,3,0.660392,0.198537,423,0,17,0,19.72user,0.84system,0:19.69elapsed,1006,103,1183,609080
16S.B,0.6-0.7,3,0.687814,0.254873,1895,0,21,0,59.49user,1.60system,1:00.28elapsed,733,558,3898,2747890
16S.B,0.6-0.7,4,0.614625,0.249741,482,0,17,0,21.23user,0.74system,0:21.16elapsed,373,128,1200,679212
16S.B,0.6-0.7,4,0.630971,0.114159,506,0,17,0,21.34user,0.84system,0:21.29elapsed,703,106,1429,653224
16S.B,0.6-0.7,4,0.660392,0.197864,418,0,19,0,20.54user,0.88system,0:20.52elapsed,914,183,926,602147
16S.B,0.6-0.7,4,0.687814,0.254917,1893,0,21,0,59.47user,1.55system,1:00.18elapsed,698,520,4016,2744922
16S.B,0.7-0.8,0,0.707917,0.232813,791,0,19,0,29.81user,0.99system,0:29.91elapsed,622,515,1613,1145115
16S.B,0.7-0.8,0,0.707917,0.232813,791,0,23,1,29.64user,0.99system,0:29.79elapsed,650,463,1234,1145518
16S.B,0.7-0.8,0,0.73685,0.265679,467,0,19,1,20.36user,0.78system,0:20.44elapsed,176,195,937,601791
16S.B,0.7-0.8,0,0.73685,0.265679,467,0,20,0,20.39user,0.86system,0:20.40elapsed,142,242,953,601762
16S.B,0.7-0.8,0,0.76529,0.294062,492,0,20,0,21.18user,0.76system,0:21.05elapsed,151,338,893,638862
16S.B,0.7-0.8,0,0.76529,0.294062,492,0,22,1,21.02user,0.91system,0:21.08elapsed,93,164,932,639055
16S.B,0.7-0.8,0,0.791378,0.271768,251,0,17,1,15.70user,0.78system,0:15.58elapsed,230,80,702,365685
16S.B,0.7-0.8,0,0.791378,0.271768,251,0,23,0,15.59user,0.72system,0:15.42elapsed,177,73,388,366059
16S.B,0.7-0.8,1,0.7109,0.1047,454,0,15,0,20.58user,0.84system,0:20.53elapsed,217,169,1432,656980
16S.B,0.7-0.8,1,0.7109,0.1047,454,0,17,1,20.72user,0.84system,0:20.70elapsed,367,184,1175,657072
16S.B,0.7-0.8,1,0.743307,0.193083,342,0,16,0,17.28user,0.73system,0:17.12elapsed,1198,144,1041,419157
16S.B,0.7-0.8,1,0.743307,0.193083,342,0,20,1,17.43user,0.80system,0:17.39elapsed,1205,107,773,419455
16S.B,0.7-0.8,1,0.772362,0.254623,262,0,13,1,16.18user,0.67system,0:16.09elapsed,108,213,801,377159
16S.B,0.7-0.8,1,0.772362,0.254623,262,0,20,0,15.92user,0.78system,0:15.84elapsed,121,89,560,377511
16S.B,0.7-0.8,1,0.791378,0.270924,249,0,16,1,15.91user,0.64system,0:15.79elapsed,215,144,634,362652
16S.B,0.7-0.8,1,0.791378,0.270924,249,0,18,0,15.86user,0.72system,0:15.69elapsed,241,144,542,362718
16S.B,0.7-0.8,2,0.715556,0.230077,248,0,19,1,15.08user,0.70system,0:14.99elapsed,199,83,577,308229
16S.B,0.7-0.8,2,0.715556,0.230077,248,0,22,0,15.11user,0.72system,0:14.94elapsed,239,10,544,308295
16S.B,0.7-0.8,2,0.743307,0.193946,338,0,19,0,17.47user,0.76system,0:17.34elapsed,1158,88,731,415221
16S.B,0.7-0.8,2,0.743307,0.193946,338,0,20,1,17.12user,0.72system,0:17.00elapsed,1206,170,634,415188
16S.B,0.7-0.8,2,0.751801,0.222535,91,0,17,1,11.72user,0.66system,0:11.64elapsed,196,19,279,115338
16S.B,0.7-0.8,2,0.751801,0.222535,91,0,18,0,11.73user,0.57system,0:11.54elapsed,203,11,295,115323
16S.B,0.7-0.8,2,0.798885,0.188403,152,0,20,0,13.27user,0.61system,0:12.99elapsed,71,15,451,213405
16S.B,0.8-0.9,0,0.707917,0.232813,791,0,19,0,29.42user,0.97system,0:29.51elapsed,660,246,1835,1145124
16S.B,0.8-0.9,0,0.835403,0.102315,940,0,22,0,33.43user,0.92system,0:33.62elapsed,307,368,1887,1341100
16S.B,0.8-0.9,0,0.852652,0.364215,886,0,18,0,31.89user,0.93system,0:31.93elapsed,365,535,1938,1250415
16S.B,0.8-0.9,0,0.876283,0.215183,1511,0,16,0,48.07user,1.25system,0:48.46elapsed,1190,509,4201,2005565
16S.B,0.8-0.9,1,0.7109,0.1047,454,0,19,0,21.30user,0.91system,0:21.32elapsed,508,174,1059,657057
16S.B,0.8-0.9,1,0.835403,0.097245,931,0,21,0,34.76user,0.98system,0:34.87elapsed,331,360,1947,1327906
16S.B,0.8-0.9,1,0.874142,0.189896,566,0,18,0,24.34user,0.77system,0:24.37elapsed,327,279,1228,822363
16S.B,0.8-0.9,1,0.876283,0.214983,1505,0,19,0,47.85user,1.31system,0:48.48elapsed,1178,398,3464,2001391
16S.B,0.8-0.9,2,0.715556,0.230077,248,0,23,0,15.14user,0.78system,0:15.03elapsed,248,10,514,308316
16S.B,0.8-0.9,2,0.835403,0.093097,923,0,19,0,32.92user,1.06system,0:33.09elapsed,254,379,1915,1316630
16S.B,0.8-0.9,2,0.870374,0.277724,465,0,19,0,20.76user,0.90system,0:20.81elapsed,636,284,1050,658729
16S.B,0.8-0.9,2,0.876283,0.211539,1413,0,21,0,45.41user,1.35system,0:45.94elapsed,1083,223,3119,1896927
16S.B,0.8-0.9,3,0.703109,0.252829,122,0,18,0,13.08user,0.71system,0:12.90elapsed,107,30,302,167329
16S.B,0.8-0.9,3,0.835403,0.089527,917,0,20,0,32.96user,1.04system,0:33.14elapsed,311,327,1970,1307967
16S.B,0.8-0.9,3,0.870374,0.275845,446,0,20,0,20.56user,0.72system,0:20.54elapsed,591,60,1080,633921
16S.B,0.8-0.9,3,0.876283,0.211489,1410,0,19,0,46.95user,1.38system,0:47.43elapsed,1164,189,3575,1891909
16S.B,0.8-0.9,4,0.720095,0.4026,54,0,17,0,11.04user,0.57system,0:10.83elapsed,37,80,119,74996
16S.B,0.8-0.9,4,0.84994,0.310259,507,0,22,0,22.35user,0.82system,0:22.34elapsed,153,255,861,660707
16S.B,0.8-0.9,4,0.870374,0.259524,401,0,17,0,19.79user,0.80system,0:19.70elapsed,407,176,971,569992
16S.B,0.8-0.9,4,0.876283,0.210716,1380,0,21,0,45.00user,1.39system,0:45.53elapsed,1021,316,3016,1858973
16S.B,0.9-1,0,0.912233,0.232387,717,0,18,0,26.80user,0.92system,0:27.00elapsed,1991,211,1797,921631
16S.B,0.9-1,0,0.945162,0.424973,980,0,19,0,33.25user,1.07system,0:33.53elapsed,381,564,2071,1240519
16S.B,0.9-1,0,0.956081,0.455212,462,0,20,0,20.45user,0.87system,0:20.43elapsed,366,238,956,585962
16S.B,0.9-1,0,0.976981,0.129017,980,0,17,0,34.74user,1.03system,0:35.00elapsed,704,575,2369,1398481
16S.B,0.9-1,1,0.912233,0.232011,716,0,19,0,27.42user,1.00system,0:27.53elapsed,1970,209,1668,920284
16S.B,0.9-1,1,0.93999,0.125627,446,0,17,0,20.36user,0.84system,0:20.35elapsed,730,174,1120,601840
16S.B,0.9-1,1,0.966503,0.375648,444,0,23,0,20.00user,0.78system,0:19.92elapsed,193,235,682,582371
16S.B,0.9-1,1,0.976981,0.126977,977,0,19,0,34.72user,1.02system,0:34.96elapsed,695,500,2162,1394384
16S.B,0.9-1,2,0.912233,0.231995,715,0,14,0,26.65user,0.90system,0:26.79elapsed,2050,354,2168,918062
16S.B,0.9-1,2,0.93999,0.122725,444,0,20,0,20.06user,0.85system,0:20.07elapsed,629,206,914,599236
16S.B,0.9-1,2,0.966503,0.375569,443,0,17,0,19.85user,0.82system,0:19.77elapsed,262,163,1204,580468
16S.B,0.9-1,2,0.976981,0.118106,961,0,22,0,34.79user,1.00system,0:35.10elapsed,462,374,1799,1371854
16S.B,0.9-1,3,0.912233,0.231973,714,0,17,0,27.47user,0.95system,0:27.61elapsed,1886,333,1824,917040
16S.B,0.9-1,3,0.93999,0.121869,443,0,23,0,19.90user,0.90system,0:19.94elapsed,466,170,896,598210
16S.B,0.9-1,3,0.956081,0.38351,382,0,23,0,18.25user,0.71system,0:18.11elapsed,347,141,690,482179
16S.B,0.9-1,3,0.976981,0.108129,948,0,22,0,34.14user,1.02system,0:34.34elapsed,370,432,1668,1352793
16S.B,0.9-1,4,0.912233,0.232002,713,0,18,0,27.50user,0.90system,0:27.51elapsed,1994,281,1691,915564
16S.B,0.9-1,4,0.93897,0.201598,137,0,19,0,12.98user,0.61system,0:12.74elapsed,45,51,322,191068
16S.B,0.9-1,4,0.956139,0.440636,155,0,20,0,13.23user,0.63system,0:13.05elapsed,317,127,259,207581
16S.B,0.9-1,4,0.977152,0.370785,830,0,17,0,29.28user,0.90system,0:29.43elapsed,770,524,1958,1024424
16S.B,0.9-1,5,0.912233,0.231997,711,0,22,0,26.53user,0.86system,0:26.54elapsed,1854,288,1328,913143
16S.B,0.9-1,5,0.93095,0.185997,99,0,16,0,11.55user,0.67system,0:11.37elapsed,114,50,288,84095
16S.B,0.9-1,5,0.958723,0.411365,88,0,20,0,11.82user,0.63system,0:11.58elapsed,72,24,227,121503
16S.B,0.9-1,5,0.977152,0.368864,825,0,22,0,28.74user,0.96system,0:28.81elapsed,704,533,1351,1017621
small-10-aa-RV100-BBA0039-DivA,X,0,8.57740415,0,807,8,20,0,482m36.641s,482m36.064s,0m2.404s,1079,2079,1529,297587
small-10-aa-RV100-BBA0039-DivA,X,0,8.57740415,0,807,8,20,10,469m11.671s,469m12.680s,0m0.888s,1042,2151,1457,297624
small-10-aa-RV100-BBA0039-DivA,X,0,8.57740415,0,807,8,20,11,449m40.284s,449m39.080s,0m0.864s,1116,2088,1520,297550
small-10-aa-RV100-BBA0039-DivA,X,0,8.57740415,0,807,8,20,12,442m43.949s,442m44.996s,0m0.852s,1092,2134,1474,297574
small-10-aa-RV100-BBA0039-DivA,X,0,8.57740415,0,807,8,20,13,443m41.877s,443m42.024s,0m1.736s,1081,1852,1756,297585
small-10-aa-RV100-BBA0039-DivA,X,0,8.57740415,0,807,8,20,14,441m39.870s,441m40.956s,0m0.992s,1157,2149,1459,297509
small-10-aa-RV100-BBA0039-DivA,X,0,8.57740415,0,807,8,20,15,444m9.573s,444m10.596s,0m0.936s,1104,2201,1407,297562
small-10-aa-RV100-BBA0039-DivA,X,0,8.57740415,0,807,8,20,16,433m19.666s,433m20.472s,0m0.808s,1095,2072,1536,297571
small-10-aa-RV100-BBA0039-DivA,X,0,8.57740415,0,807,8,20,17,471m37.050s,471m37.896s,0m0.900s,1076,1853,1755,297590
small-10-aa-RV100-BBA0039-DivA,X,0,8.57740415,0,807,8,20,18,441m20.589s,441m21.484s,0m0.796s,1116,2067,1541,297550
small-10-aa-RV100-BBA0039-DivA,X,0,8.57740415,0,807,8,20,19,457m17.297s,457m17.180s,0m2.140s,1045,2023,1585,297621
small-10-aa-RV100-BBA0039-DivA,X,0,8.57740415,0,807,8,20,1,443m49.227s,443m50.072s,0m0.744s,1099,2314,1294,297567
small-10-aa-RV100-BBA0039-DivA,X,0,8.57740415,0,807,8,20,2,500m42.339s,500m43.272s,0m1.092s,1116,2022,1586,297550
small-10-aa-RV100-BBA0039-DivA,X,0,8.57740415,0,807,8,20,3,456m42.471s,456m43.388s,0m0.692s,960,1932,1676,297706
small-10-aa-RV100-BBA0039-DivA,X,0,8.57740415,0,807,8,20,4,505m7.278s,505m8.388s,0m0.820s,1118,1855,1753,297548
small-10-aa-RV100-BBA0039-DivA,X,0,8.57740415,0,807,8,20,5,426m3.029s,426m4.044s,0m0.904s,1161,2135,1473,297505
small-10-aa-RV100-BBA0039-DivA,X,0,8.57740415,0,807,8,20,6,460m19.915s,460m20.008s,0m1.812s,1117,2036,1572,297549
small-10-aa-RV100-BBA0039-DivA,X,0,8.57740415,0,807,8,20,7,430m58.984s,430m59.024s,0m1.540s,1062,2013,1595,297604
small-10-aa-RV100-BBA0039-DivA,X,0,8.57740415,0,807,8,20,8,445m2.155s,445m2.516s,0m1.540s,1044,1974,1634,297622
small-10-aa-RV100-BBA0039-DivA,X,0,8.57740415,0,807,8,20,9,459m2.905s,459m3.984s,0m1.000s,1017,2161,1447,297649
small-10-aa-RV100-BBA0039,X,0,8.57740415,0,807,8,20,0,9.14user,0.48system,0:10.19elapsed,4286,632,2976,294380
small-10-aa-RV100-BBA0039,X,0,8.57740415,0,807,8,20,10,8.25user,0.51system,0:08.87elapsed,3916,643,2965,294750
small-10-aa-RV100-BBA0039,X,0,8.57740415,0,807,8,20,11,7.98user,0.62system,0:08.43elapsed,3979,581,3027,294687
small-10-aa-RV100-BBA0039,X,0,8.57740415,0,807,8,20,12,8.15user,0.57system,0:08.56elapsed,3924,988,2620,294742
small-10-aa-RV100-BBA0039,X,0,8.57740415,0,807,8,20,13,8.07user,0.60system,0:08.79elapsed,3814,671,2937,294852
small-10-aa-RV100-BBA0039,X,0,8.57740415,0,807,8,20,14,8.28user,0.48system,0:08.59elapsed,3723,828,2780,294943
small-10-aa-RV100-BBA0039,X,0,8.57740415,0,807,8,20,15,8.18user,0.50system,0:08.48elapsed,4130,515,3093,294536
small-10-aa-RV100-BBA0039,X,0,8.57740415,0,807,8,20,16,7.98user,0.67system,0:08.46elapsed,3789,701,2907,294877
small-10-aa-RV100-BBA0039,X,0,8.57740415,0,807,8,20,17,7.98user,0.70system,0:08.45elapsed,3808,612,2996,294858
small-10-aa-RV100-BBA0039,X,0,8.57740415,0,807,8,20,18,8.04user,0.64system,0:08.44elapsed,3845,520,3088,294821
small-10-aa-RV100-BBA0039,X,0,8.57740415,0,807,8,20,19,8.10user,0.53system,0:08.45elapsed,3635,860,2748,295031
small-10-aa-RV100-BBA0039,X,0,8.57740415,0,807,8,20,1,7.96user,0.60system,0:08.39elapsed,3627,795,2813,295039
small-10-aa-RV100-BBA0039,X,0,8.57740415,0,807,8,20,2,8.07user,0.67system,0:08.52elapsed,3712,442,3166,294954
small-10-aa-RV100-BBA0039,X,0,8.57740415,0,807,8,20,3,8.20user,0.57system,0:08.59elapsed,4020,576,3032,294646
small-10-aa-RV100-BBA0039,X,0,8.57740415,0,807,8,20,4,8.32user,0.48system,0:08.57elapsed,4010,600,3008,294656
small-10-aa-RV100-BBA0039,X,0,8.57740415,0,807,8,20,5,8.14user,0.64system,0:08.60elapsed,4202,799,2809,294464
small-10-aa-RV100-BBA0039,X,0,8.57740415,0,807,8,20,6,8.21user,0.57system,0:08.61elapsed,4073,634,2974,294593
small-10-aa-RV100-BBA0039,X,0,8.57740415,0,807,8,20,7,8.23user,0.59system,0:08.64elapsed,3833,812,2796,294833
small-10-aa-RV100-BBA0039,X,0,8.57740415,0,807,8,20,8,8.10user,0.67system,0:08.60elapsed,4066,468,3140,294600
small-10-aa-RV100-BBA0039,X,0,8.57740415,0,807,8,20,9,8.29user,0.53system,0:08.60elapsed,4008,819,2789,294658
16S.B-Divvier,0-0.1,0,0.043241,0.010049,361,0,18,0,4675.40user,0.60system,1:17:55elapsed,1033,103,879,529065
16S.B-Divvier,0-0.1,0,0.043241,0.010049,361,0,21,1,4391.65user,0.46system,1:13:12elapsed,900,87,824,529269
16S.B-Divvier,0-0.1,0,0.064129,0.012799,562,0,16,1,8663.42user,1.14system,2:24:24elapsed,1796,93,1660,801767
16S.B-Divvier,0-0.1,0,0.064129,0.012799,562,0,21,0,8490.67user,0.50system,2:21:31elapsed,1776,112,1265,802163
16S.B-Divvier,0-0.1,0,0.095544,0.017847,685,0,20,0,11218.31user,0.52system,3:06:58elapsed,2649,161,1476,977046
16S.B-Divvier,0-0.1,0,0.095544,0.017847,685,0,21,1,11417.84user,1.08system,3:10:18elapsed,2665,126,1546,976995
16S.B-Divvier,0-0.1,1,0.043241,0.010004,360,0,17,0,4618.75user,0.42system,1:16:59elapsed,788,104,929,527788
16S.B-Divvier,0-0.1,1,0.043241,0.010004,360,0,17,1,4830.18user,0.57system,1:20:30elapsed,792,66,1110,527641
16S.B-Divvier,0-0.1,1,0.063049,0.010983,441,0,20,0,5246.48user,0.46system,1:27:26elapsed,1369,122,1131,629017
16S.B-Divvier,0-0.1,1,0.063049,0.010983,441,0,22,1,5846.43user,0.44system,1:37:26elapsed,1394,96,914,629235
16S.B-Divvier,0-0.1,1,0.095544,0.017493,622,0,20,0,12145.16user,0.72system,3:22:25elapsed,2373,169,1419,887382
16S.B-Divvier,0-0.1,1,0.095544,0.017493,622,0,20,1,11301.83user,0.67system,3:08:22elapsed,2229,130,1467,887517
16S.B-Divvier,0-0.1,2,0.043241,0.009967,359,0,17,1,4576.30user,0.40system,1:16:16elapsed,1082,84,1020,525952
16S.B-Divvier,0-0.1,2,0.043241,0.009967,359,0,21,0,4555.58user,0.54system,1:15:56elapsed,1089,111,787,526151
16S.B-Divvier,0-0.1,2,0.067151,0.011957,373,0,16,1,4444.14user,0.32system,1:14:04elapsed,874,92,1139,541282
16S.B-Divvier,0-0.1,2,0.067151,0.011957,373,0,17,0,4818.49user,0.48system,1:20:18elapsed,975,113,917,541382
16S.B-Divvier,0-0.1,2,0.081792,0.017002,611,0,22,1,7461.36user,0.59system,2:04:21elapsed,2234,157,1241,893719
16S.B-Divvier,0-0.1,2,0.081792,0.017002,611,0,23,0,7627.04user,8.50system,2:07:34elapsed,2141,83,1254,893873
16S.B-Divvier,0-0.1,3,0.043241,0.00993,358,0,19,1,4934.02user,0.54system,1:22:14elapsed,922,42,953,524750
16S.B-Divvier,0-0.1,3,0.043241,0.00993,358,0,21,0,4916.29user,0.97system,1:21:57elapsed,836,30,791,525010
16S.B-Divvier,0-0.1,3,0.067151,0.010678,365,0,20,1,4906.65user,0.36system,1:21:47elapsed,745,73,886,535356
16S.B-Divvier,0-0.1,3,0.067151,0.010678,365,0,23,0,4514.24user,0.54system,1:15:14elapsed,746,71,755,535488
16S.B-Divvier,0-0.1,3,0.081792,0.016995,609,0,21,1,7026.53user,0.82system,1:57:07elapsed,2109,140,1302,890847
16S.B-Divvier,0-0.1,3,0.081792,0.016995,609,0,22,0,6956.91user,0.80system,1:55:57elapsed,2276,130,1262,890730
16S.B-Divvier,0-0.1,4,0.043241,0.009902,357,0,15,1,4412.25user,0.61system,1:13:32elapsed,711,128,1049,523308
16S.B-Divvier,0-0.1,4,0.043241,0.009902,357,0,16,0,4325.42user,0.60system,1:12:05elapsed,771,111,1109,523205
16S.B-Divvier,0-0.1,4,0.067151,0.01047,363,0,19,0,4167.82user,0.38system,1:09:28elapsed,766,60,939,532345
16S.B-Divvier,0-0.1,4,0.067151,0.01047,363,0,21,1,4604.05user,0.50system,1:16:44elapsed,731,85,779,532515
16S.B-Divvier,0-0.1,4,0.081792,0.016946,606,0,20,0,7064.34user,0.84system,1:57:45elapsed,2071,149,1318,886549
16S.B-Divvier,0-0.1,4,0.081792,0.016946,606,0,20,1,7398.87user,0.48system,2:03:19elapsed,2067,131,1442,886447
16S.B-Divvier,0-0.1,5,0.043241,0.009873,356,0,19,0,4742.73user,0.43system,1:19:03elapsed,607,97,789,522232
16S.B-Divvier,0-0.1,5,0.043241,0.009873,356,0,20,1,4610.27user,0.68system,1:16:50elapsed,623,92,843,522167
16S.B-Divvier,0-0.1,5,0.07369,0.016162,257,0,17,1,2625.02user,0.32system,43:45.35elapsed,1012,58,795,375763
16S.B-Divvier,0-0.1,5,0.07369,0.016162,257,0,20,0,2901.66user,0.32system,48:21.99elapsed,990,32,567,376039
16S.B-Divvier,0-0.1,5,0.081792,0.017027,588,0,19,0,7103.51user,0.86system,1:58:25elapsed,1990,116,1421,859739
16S.B-Divvier,0-0.1,5,0.081792,0.017027,588,0,20,1,6873.35user,0.47system,1:54:33elapsed,1986,160,1198,859922
16S.B-Divvier,0-0.1,6,0.043241,0.009844,355,0,19,0,4670.26user,8.59system,1:17:59elapsed,686,84,822,520662
16S.B-Divvier,0-0.1,6,0.043241,0.009844,355,0,19,1,5090.60user,0.58system,1:24:51elapsed,680,105,871,520598
16S.B-Divvier,0-0.1,6,0.056509,0.012406,246,0,17,1,3300.68user,0.33system,55:01.00elapsed,800,66,669,332616
16S.B-Divvier,0-0.1,6,0.056509,0.012406,246,0,20,0,3286.08user,0.50system,54:46.56elapsed,801,45,629,332676
16S.B-Divvier,0-0.1,6,0.081792,0.017031,587,0,18,1,6868.41user,0.43system,1:54:28elapsed,2101,133,1483,858079
16S.B-Divvier,0-0.1,6,0.081792,0.017031,587,0,20,0,6621.47user,0.46system,1:50:21elapsed,2031,178,1343,858244
16S.B-Divvier,0-0.1,7,0.043241,0.009521,348,0,16,0,4052.26user,0.64system,1:07:32elapsed,624,135,907,510471
16S.B-Divvier,0-0.1,7,0.043241,0.009521,348,0,16,1,4422.44user,0.60system,1:13:42elapsed,683,95,960,510399
16S.B-Divvier,0-0.1,7,0.063049,0.01132,215,0,19,1,2170.27user,0.32system,36:10.56elapsed,644,62,549,306774
16S.B-Divvier,0-0.1,7,0.063049,0.01132,215,0,20,0,2483.65user,0.33system,41:23.96elapsed,588,63,479,306899
16S.B-Divvier,0-0.1,7,0.081792,0.017055,585,0,19,1,6521.84user,0.89system,1:48:42elapsed,2114,104,1460,855162
16S.B-Divvier,0-0.1,7,0.081792,0.017055,585,0,20,0,6970.53user,10.43system,1:56:20elapsed,2069,143,1375,855253
16S.B-Divvier,0-0.1,8,0.043241,0.009508,347,0,20,0,4592.50user,0.50system,1:16:32elapsed,517,64,761,509324
16S.B-Divvier,0-0.1,8,0.043241,0.009508,347,0,22,1,4620.26user,0.54system,1:17:00elapsed,496,106,699,509365
16S.B-Divvier,0-0.1,8,0.056509,0.012624,209,0,20,0,2790.14user,0.34system,46:30.46elapsed,745,43,438,282642
16S.B-Divvier,0-0.1,8,0.056509,0.012624,209,0,20,1,2830.07user,0.48system,47:10.52elapsed,800,38,524,282506
16S.B-Divvier,0-0.1,8,0.081792,0.017074,583,0,20,0,6921.75user,0.77system,1:55:22elapsed,2119,68,1426,852276
16S.B-Divvier,0-0.1,8,0.081792,0.017074,583,0,20,1,7300.16user,0.70system,2:01:41elapsed,1925,152,1347,852465
16S.B-Divvier,0-0.1,9,0.043241,0.009494,346,0,16,0,4536.50user,0.40system,1:15:36elapsed,738,94,945,507418
16S.B-Divvier,0-0.1,9,0.043241,0.009494,346,0,19,1,4513.32user,0.32system,1:15:13elapsed,1079,86,909,507121
16S.B-Divvier,0-0.1,9,0.056509,0.012648,208,0,20,0,2763.36user,0.24system,46:03.77elapsed,796,44,492,281290
16S.B-Divvier,0-0.1,9,0.056509,0.012648,208,0,20,1,2688.33user,0.26system,44:48.99elapsed,801,43,545,281233
16S.B-Divvier,0.1-0.2,0,0.122405,0.026451,947,0,19,0,13897.48user,0.75system,3:51:38elapsed,3838,147,2379,1381077
16S.B-Divvier,0.1-0.2,0,0.136393,0.039029,456,0,19,0,4598.36user,0.38system,1:16:38elapsed,2768,35,1254,611818
16S.B-Divvier,0.1-0.2,0,0.17235,0.022067,742,0,17,0,13361.25user,0.53system,3:42:41elapsed,5017,222,2048,1055797
16S.B-Divvier,0.1-0.2,0,0.193081,0.022997,745,0,20,0,13355.26user,0.52system,3:42:35elapsed,4679,268,1611,1060664
16S.B-Divvier,0.1-0.2,1,0.111022,0.024908,923,0,19,0,13529.34user,1.46system,3:45:30elapsed,2992,212,2405,1349325
16S.B-Divvier,0.1-0.2,1,0.136393,0.038544,450,0,22,0,4486.08user,0.35system,1:14:46elapsed,2361,73,1011,604609
16S.B-Divvier,0.1-0.2,1,0.166665,0.042188,480,0,20,0,4865.99user,0.35system,1:21:06elapsed,2525,115,1162,646350
16S.B-Divvier,0.1-0.2,1,0.177005,0.031322,536,0,19,0,6595.22user,0.41system,1:49:55elapsed,4341,78,1368,731929
16S.B-Divvier,0.1-0.2,2,0.117863,0.021293,739,0,23,0,13189.58user,0.52system,3:39:49elapsed,4671,168,1409,1052379
16S.B-Divvier,0.1-0.2,2,0.136393,0.038516,449,0,20,0,4576.79user,0.66system,1:16:17elapsed,2564,128,977,602900
16S.B-Divvier,0.1-0.2,2,0.154284,0.017885,386,0,20,0,4907.59user,0.38system,1:21:47elapsed,1268,117,899,559482
16S.B-Divvier,0.1-0.2,2,0.177005,0.031027,534,0,23,0,6577.40user,0.41system,1:49:37elapsed,4893,122,1038,728783
16S.B-Divvier,0.1-0.2,3,0.117863,0.021265,738,0,18,0,14051.55user,0.96system,3:54:12elapsed,4228,184,1904,1050801
16S.B-Divvier,0.1-0.2,3,0.136393,0.038522,447,0,20,0,4526.87user,0.27system,1:15:27elapsed,2324,98,1094,600688
16S.B-Divvier,0.1-0.2,3,0.154284,0.017304,385,0,23,0,4745.96user,0.46system,1:19:06elapsed,872,110,706,558603
16S.B-Divvier,0.1-0.2,3,0.177005,0.030874,532,0,22,0,6671.43user,1.72system,1:51:13elapsed,4938,108,1160,725678
16S.B-Divvier,0.1-0.2,4,0.111022,0.019811,704,0,20,0,8944.40user,0.65system,2:29:04elapsed,2743,147,1633,1028180
16S.B-Divvier,0.1-0.2,4,0.136393,0.03255,366,0,18,0,3838.60user,0.46system,1:03:59elapsed,1949,146,881,520514
16S.B-Divvier,0.1-0.2,4,0.154284,0.0168,384,0,19,0,4574.43user,0.41system,1:16:14elapsed,943,78,901,556882
16S.B-Divvier,0.1-0.2,4,0.177005,0.030841,528,0,20,0,6474.81user,0.40system,1:47:55elapsed,4603,164,1161,720232
16S.B-Divvier,0.1-0.2,5,0.111022,0.019775,703,0,19,0,8853.20user,0.44system,2:27:33elapsed,2664,128,1725,1026702
16S.B-Divvier,0.1-0.2,5,0.136393,0.032577,365,0,21,0,3796.88user,0.38system,1:03:17elapsed,1831,125,723,519307
16S.B-Divvier,0.2-0.3,0,0.217,0.045965,470,0,18,0,5239.63user,0.43system,1:27:19elapsed,5124,64,1306,445245
16S.B-Divvier,0.2-0.3,0,0.226008,0.056723,773,0,20,0,9777.42user,0.52system,2:42:57elapsed,4082,110,1895,1068321
16S.B-Divvier,0.2-0.3,0,0.265223,0.060131,364,0,18,0,3662.61user,0.30system,1:01:02elapsed,3066,96,958,523437
16S.B-Divvier,0.2-0.3,0,0.297041,0.034964,542,0,18,0,7255.69user,0.59system,2:00:56elapsed,4740,127,1383,739752
16S.B-Divvier,0.2-0.3,1,0.217,0.043018,449,0,19,0,4894.24user,0.37system,1:21:34elapsed,3930,83,1095,420997
16S.B-Divvier,0.2-0.3,1,0.226008,0.056674,771,0,22,0,10028.04user,0.52system,2:47:08elapsed,4405,105,1815,1065121
16S.B-Divvier,0.2-0.3,1,0.265223,0.059959,363,0,17,0,3685.68user,0.38system,1:01:26elapsed,3277,75,1110,521636
16S.B-Divvier,0.2-0.3,1,0.279295,0.098989,254,0,21,0,2557.77user,0.30system,42:38.05elapsed,3796,73,564,365468
16S.B-Divvier,0.2-0.3,2,0.217,0.042868,448,0,20,0,4233.46user,0.34system,1:10:33elapsed,12349,86,1109,411678
16S.B-Divvier,0.2-0.3,2,0.226008,0.056694,770,0,19,0,9529.34user,0.55system,2:38:49elapsed,3870,172,1817,1064128
16S.B-Divvier,0.2-0.3,2,0.265223,0.059926,362,0,18,0,3672.11user,0.34system,1:01:12elapsed,3453,87,958,520209
16S.B-Divvier,0.2-0.3,2,0.291137,0.0994,249,0,20,0,2347.75user,0.28system,39:08.02elapsed,1573,41,645,344952
16S.B-Divvier,0.2-0.3,3,0.217,0.042913,447,0,18,0,4862.19user,0.53system,1:21:02elapsed,4028,111,1128,419141
16S.B-Divvier,0.2-0.3,3,0.237352,0.060033,644,0,22,0,8736.06user,0.69system,2:25:36elapsed,14296,89,1431,613141
16S.B-Divvier,0.2-0.3,3,0.254192,0.05342,282,0,18,0,2645.98user,0.31system,44:06.25elapsed,4794,72,683,383972
16S.B-Divvier,0.2-0.3,3,0.291137,0.09876,248,0,19,0,2372.42user,0.22system,39:32.66elapsed,1575,46,654,344007
16S.B-Divvier,0.2-0.3,4,0.217,0.040394,403,0,20,0,4368.28user,0.49system,1:12:48elapsed,3516,73,989,382300
16S.B-Divvier,0.2-0.3,4,0.237352,0.059977,643,0,18,0,8064.77user,0.43system,2:14:25elapsed,13775,204,1514,612619
16S.B-Divvier,0.2-0.3,4,0.254192,0.048629,272,0,21,0,2807.81user,0.33system,46:48.11elapsed,4193,33,625,370251
16S.B-Divvier,0.2-0.3,4,0.279295,0.098239,247,0,20,0,2400.98user,0.29system,40:01.24elapsed,3436,54,561,355535
16S.B-Divvier,0.3-0.4,0,0.323742,0.084709,389,0,14,0,4312.08user,0.96system,1:11:53elapsed,5749,140,1256,558259
16S.B-Divvier,0.3-0.4,0,0.336299,0.063,856,0,17,0,16362.90user,1.17system,4:32:43elapsed,9761,201,2426,1211453
16S.B-Divvier,0.3-0.4,0,0.366735,0.087959,833,0,19,0,17465.29user,3.59system,4:51:08elapsed,12812,107,2057,811590
16S.B-Divvier,0.3-0.4,0,0.390505,0.082475,910,0,24,0,20425.98user,0.64system,5:40:26elapsed,11647,180,1697,1288058
16S.B-Divvier,0.3-0.4,1,0.323742,0.084819,388,0,17,0,4227.60user,0.34system,1:10:27elapsed,5860,59,1205,556786
16S.B-Divvier,0.3-0.4,1,0.334458,0.041204,620,0,21,0,7675.58user,0.50system,2:07:56elapsed,3951,98,1320,884004
16S.B-Divvier,0.3-0.4,1,0.366735,0.075457,713,0,16,0,11129.03user,0.46system,3:05:29elapsed,18373,183,2068,686253
16S.B-Divvier,0.3-0.4,1,0.390505,0.081291,907,0,18,0,18545.26user,0.72system,5:09:08elapsed,10173,183,2447,1284425
16S.B-Divvier,0.3-0.4,2,0.314665,0.025795,384,0,22,0,4904.22user,0.36system,1:21:44elapsed,1465,146,742,515660
16S.B-Divvier,0.3-0.4,2,0.334458,0.040605,617,0,23,0,7304.17user,0.49system,2:01:44elapsed,4221,143,1212,879368
16S.B-Divvier,0.3-0.4,2,0.37219,0.043609,628,0,24,0,7660.17user,0.50system,2:07:41elapsed,5091,96,1259,891627
16S.B-Divvier,0.3-0.4,2,0.395576,0.145579,611,0,20,0,6703.15user,0.46system,1:51:43elapsed,10816,136,1397,879799
16S.B-Divvier,0.3-0.4,3,0.314665,0.025615,383,0,17,0,4880.72user,0.36system,1:21:21elapsed,1448,42,1094,514077
16S.B-Divvier,0.3-0.4,3,0.334458,0.040466,616,0,21,0,7468.26user,0.49system,2:04:28elapsed,4247,168,1327,877661
16S.B-Divvier,0.3-0.4,3,0.371224,0.042521,625,0,19,0,7780.94user,0.42system,2:09:41elapsed,4586,124,1520,887578
16S.B-Divvier,0.3-0.4,3,0.395576,0.14519,603,0,22,0,6505.24user,0.38system,1:48:26elapsed,10861,89,1306,868348
16S.B-Divvier,0.3-0.4,4,0.314665,0.025486,382,0,19,0,4805.54user,0.34system,1:20:05elapsed,1428,99,966,512816
16S.B-Divvier,0.3-0.4,4,0.334458,0.031686,528,0,18,0,6137.96user,0.46system,1:42:18elapsed,3110,144,1314,757774
16S.B-Divvier,0.3-0.4,4,0.371224,0.042101,623,0,21,0,7356.90user,0.46system,2:02:37elapsed,3690,130,1299,886924
16S.B-Divvier,0.3-0.4,4,0.395576,0.144993,601,0,20,0,6638.98user,0.39system,1:50:39elapsed,10366,214,1321,865789
16S.B-Divvier,0.4-0.5,0,0.42411,0.149772,844,0,19,0,12540.79user,5.93system,3:32:38elapsed,11452,130,2106,1213613
16S.B-Divvier,0.4-0.5,0,0.42411,0.149772,844,0,20,1,12685.15user,5.08system,3:34:41elapsed,11130,171,2066,1213934
16S.B-Divvier,0.4-0.5,0,0.443451,0.062652,690,0,20,0,11194.40user,5.65system,3:09:41elapsed,6127,142,1603,970321
16S.B-Divvier,0.4-0.5,0,0.443451,0.062652,690,0,21,1,10943.64user,5.78system,3:05:37elapsed,5604,133,1582,970874
16S.B-Divvier,0.4-0.5,0,0.477484,0.112876,562,0,20,0,8094.53user,3.44system,2:17:23elapsed,8787,128,1337,807232
16S.B-Divvier,0.4-0.5,0,0.477484,0.112876,562,0,22,1,8117.22user,3.06system,2:15:36elapsed,9384,142,1099,806859
16S.B-Divvier,0.4-0.5,1,0.42411,0.149808,837,0,18,1,12370.80user,5.03system,3:26:43elapsed,10822,239,2023,1204025
16S.B-Divvier,0.4-0.5,1,0.42411,0.149808,837,0,20,0,12313.51user,4.41system,3:25:38elapsed,10985,188,1836,1204100
16S.B-Divvier,0.4-0.5,1,0.443451,0.062286,689,0,16,1,10919.86user,4.25system,3:02:21elapsed,7241,241,1974,967349
16S.B-Divvier,0.4-0.5,1,0.443451,0.062286,689,0,19,0,10738.42user,3.88system,2:59:21elapsed,6023,148,1643,968991
16S.B-Divvier,0.4-0.5,1,0.478913,0.1675,268,0,15,1,3423.09user,1.37system,57:13.00elapsed,3650,52,801,358779
16S.B-Divvier,0.4-0.5,1,0.478913,0.1675,268,0,22,0,3347.38user,1.39system,56:00.61elapsed,3827,31,601,358823
16S.B-Divvier,0.4-0.5,2,0.42411,0.149917,835,0,20,0,12112.86user,4.50system,3:22:29elapsed,10856,170,1910,1201244
16S.B-Divvier,0.4-0.5,2,0.42411,0.149917,835,0,21,1,12181.00user,4.40system,3:23:39elapsed,10528,138,1853,1201661
16S.B-Divvier,0.4-0.5,2,0.443451,0.060416,684,0,22,0,10864.87user,4.32system,3:01:37elapsed,6236,200,1444,961730
16S.B-Divvier,0.4-0.5,2,0.443451,0.060416,684,0,24,1,10837.77user,4.07system,3:01:00elapsed,5639,136,1315,962520
16S.B-Divvier,0.4-0.5,2,0.478913,0.166762,267,0,16,1,3377.71user,1.31system,56:36.82elapsed,3536,61,893,357493
16S.B-Divvier,0.4-0.5,2,0.478913,0.166762,267,0,21,0,3345.74user,1.46system,55:59.98elapsed,3564,58,570,357791
16S.B-Divvier,0.4-0.5,3,0.42411,0.150052,833,0,18,0,12379.08user,5.52system,3:27:00elapsed,11267,160,2187,1197670
16S.B-Divvier,0.5-0.6,0,0.516271,0.119214,574,0,22,0,6878.14user,0.66system,1:54:38elapsed,9042,77,1248,824845
16S.B-Divvier,0.5-0.6,0,0.5578,0.170459,1063,0,19,0,15114.88user,0.66system,4:11:55elapsed,17994,269,2386,1523020
16S.B-Divvier,0.5-0.6,0,0.592889,0.208338,619,0,20,0,6711.12user,0.40system,1:51:51elapsed,16714,82,1438,804497
16S.B-Divvier,0.5-0.6,1,0.522936,0.198195,560,0,18,0,6573.71user,0.42system,1:49:34elapsed,21277,104,1445,780760
16S.B-Divvier,0.5-0.6,1,0.529169,0.058372,775,0,20,0,9512.00user,0.56system,2:38:32elapsed,4077,185,1825,1071276
16S.B-Divvier,0.5-0.6,1,0.5578,0.17023,1059,0,16,0,15921.69user,1.24system,4:25:22elapsed,17578,229,3105,1517199
16S.B-Divvier,0.5-0.6,1,0.592889,0.207533,617,0,18,0,7112.70user,0.51system,1:58:33elapsed,20480,81,1718,797687
16S.B-Divvier,0.5-0.6,2,0.519102,0.196347,548,0,22,0,6304.69user,0.35system,1:45:05elapsed,20633,122,1140,764236
16S.B-Divvier,0.5-0.6,2,0.536793,0.204241,586,0,18,0,7054.80user,0.43system,1:57:35elapsed,22521,196,1434,816453
16S.B-Divvier,0.5-0.6,2,0.5578,0.170086,1056,0,21,0,15257.12user,1.64system,4:14:18elapsed,16943,236,2374,1514179
16S.B-Divvier,0.5-0.6,2,0.592889,0.207552,613,0,19,0,7093.53user,0.43system,1:58:13elapsed,17980,188,1358,794675
16S.B-Divvier,0.5-0.6,3,0.504374,0.079129,468,0,20,0,5114.05user,0.54system,1:25:14elapsed,9391,99,1062,601581
16S.B-Divvier,0.5-0.6,3,0.545271,0.206554,395,0,21,0,3772.21user,0.38system,1:02:52elapsed,5104,59,825,563302
16S.B-Divvier,0.6-0.7,0,0.614032,0.129002,867,0,22,0,13650.24user,0.57system,3:47:30elapsed,11500,151,1915,1184559
16S.B-Divvier,0.6-0.7,0,0.630971,0.114555,513,0,19,0,5399.80user,1.02system,1:30:00elapsed,7355,110,1201,657765
16S.B-Divvier,0.6-0.7,0,0.662003,0.22598,623,0,19,0,7657.67user,0.39system,2:07:37elapsed,24282,92,1509,868176
16S.B-Divvier,0.6-0.7,0,0.687814,0.257355,1930,0,18,0,60491.82user,1.08system,16:48:12elapsed,44060,426,4835,2757235
16S.B-Divvier,0.6-0.7,1,0.614032,0.122833,843,0,18,0,13136.83user,0.88system,3:38:57elapsed,10987,249,2144,1153994
16S.B-Divvier,0.6-0.7,1,0.630971,0.114503,512,0,23,0,5381.58user,0.40system,1:29:41elapsed,7346,36,1082,656483
16S.B-Divvier,0.6-0.7,1,0.653046,0.096127,450,0,17,0,5488.60user,0.37system,1:31:28elapsed,2484,118,1185,650109
16S.B-Divvier,0.6-0.7,1,0.687814,0.255728,1913,0,17,0,59118.52user,0.96system,16:25:18elapsed,39618,330,5305,2736382
16S.B-Divvier,0.6-0.7,2,0.611794,0.240769,498,0,22,0,5368.71user,0.36system,1:29:29elapsed,11647,51,1128,644076
16S.B-Divvier,0.6-0.7,2,0.630971,0.114535,510,0,18,0,5319.47user,0.56system,1:28:40elapsed,7053,124,1355,653490
16S.B-Divvier,0.6-0.7,2,0.660392,0.198999,425,0,22,0,4340.96user,0.44system,1:12:21elapsed,6712,63,924,607257
16S.B-Divvier,0.6-0.7,2,0.687814,0.255529,1907,0,19,0,58602.96user,3.20system,16:16:45elapsed,41729,408,4491,2726301
16S.B-Divvier,0.6-0.7,3,0.611794,0.241251,493,0,21,0,5688.42user,3.80system,1:34:52elapsed,12084,101,1115,636520
16S.B-Divvier,0.6-0.7,3,0.630971,0.114155,508,0,26,0,5137.01user,0.71system,1:25:37elapsed,5894,52,931,652431
16S.B-Divvier,0.6-0.7,3,0.660392,0.198537,423,0,17,0,4345.64user,0.59system,1:12:26elapsed,6813,97,1189,603956
16S.B-Divvier,0.6-0.7,3,0.687814,0.254873,1895,0,21,0,55807.83user,15.54system,15:30:22elapsed,42686,276,4181,2708233
16S.B-Divvier,0.6-0.7,4,0.614625,0.249741,482,0,17,0,4781.60user,0.40system,1:19:41elapsed,13484,112,1216,666707
16S.B-Divvier,0.6-0.7,4,0.630971,0.114159,506,0,17,0,5159.17user,0.70system,1:25:59elapsed,6582,96,1439,648189
16S.B-Divvier,0.6-0.7,4,0.660392,0.197864,418,0,19,0,4370.61user,0.48system,1:12:51elapsed,6486,119,991,597234
16S.B-Divvier,0.6-0.7,4,0.687814,0.254917,1893,0,21,0,55712.68user,2.95system,15:28:34elapsed,40854,568,3970,2707061
16S.B-Divvier,0.7-0.8,0,0.707917,0.232813,791,0,19,0,13180.89user,5.41system,3:40:54elapsed,28149,273,1856,1118710
16S.B-Divvier,0.7-0.8,0,0.707917,0.232813,791,0,23,1,13140.58user,4.72system,3:40:11elapsed,29023,194,1512,1118259
16S.B-Divvier,0.7-0.8,0,0.73685,0.265679,467,0,19,1,6075.32user,2.30system,1:41:47elapsed,15777,115,1017,586404
16S.B-Divvier,0.7-0.8,0,0.73685,0.265679,467,0,20,0,5939.79user,2.64system,1:39:35elapsed,8332,68,1127,593786
16S.B-Divvier,0.7-0.8,0,0.76529,0.294062,492,0,20,0,6557.76user,2.67system,1:50:13elapsed,17255,87,1144,621993
16S.B-Divvier,0.7-0.8,0,0.76529,0.294062,492,0,22,1,6302.78user,2.53system,1:45:52elapsed,12130,126,970,627253
16S.B-Divvier,0.7-0.8,0,0.791378,0.271768,251,0,17,1,3474.64user,1.38system,58:22.40elapsed,11813,50,733,355134
16S.B-Divvier,0.7-0.8,0,0.791378,0.271768,251,0,23,0,3420.22user,1.67system,57:43.72elapsed,11300,47,414,355969
16S.B-Divvier,0.7-0.8,1,0.7109,0.1047,454,0,15,0,6949.58user,2.66system,1:56:49elapsed,3024,91,1510,654888
16S.B-Divvier,0.7-0.8,1,0.7109,0.1047,454,0,17,1,7091.98user,3.15system,1:59:05elapsed,3029,113,1247,655124
16S.B-Divvier,0.7-0.8,1,0.743307,0.193083,342,0,16,0,4160.70user,1.66system,1:09:47elapsed,9068,83,1103,412233
16S.B-Divvier,0.7-0.8,1,0.743307,0.193083,342,0,20,1,4095.73user,1.65system,1:08:43elapsed,9415,45,839,412188
16S.B-Divvier,0.7-0.8,1,0.772362,0.254623,262,0,13,1,3470.48user,1.70system,58:17.05elapsed,7231,96,918,371236
16S.B-Divvier,0.7-0.8,1,0.772362,0.254623,262,0,20,0,3440.31user,1.45system,57:48.67elapsed,7222,42,607,371610
16S.B-Divvier,0.7-0.8,1,0.791378,0.270924,249,0,16,1,3442.77user,2.07system,58:02.72elapsed,11254,71,707,352638
16S.B-Divvier,0.7-0.8,1,0.791378,0.270924,249,0,18,0,3420.32user,1.79system,57:33.45elapsed,12098,27,659,351886
16S.B-Divvier,0.7-0.8,2,0.715556,0.230077,248,0,19,1,2567.35user,1.14system,43:03.22elapsed,5484,31,629,303500
16S.B-Divvier,0.7-0.8,2,0.715556,0.230077,248,0,22,0,2595.26user,1.12system,43:31.55elapsed,7329,24,530,301761
16S.B-Divvier,0.7-0.8,2,0.743307,0.193946,338,0,19,0,4124.89user,1.58system,1:09:13elapsed,9149,102,717,408052
16S.B-Divvier,0.7-0.8,2,0.743307,0.193946,338,0,20,1,4080.55user,1.25system,1:08:26elapsed,8889,114,703,408314
16S.B-Divvier,0.7-0.8,2,0.751801,0.222535,91,0,17,1,784.52user,0.60system,13:10.36elapsed,3581,26,272,112033
16S.B-Divvier,0.7-0.8,2,0.751801,0.222535,91,0,18,0,769.73user,0.61system,13:01.06elapsed,11794,16,290,103812
16S.B-Divvier,0.7-0.8,2,0.798885,0.188403,152,0,20,0,1700.67user,1.12system,28:40.57elapsed,3154,13,453,210517
16S.B-Divvier,0.8-0.9,0,0.707917,0.232813,791,0,19,0,13218.72user,5.15system,3:40:53elapsed,27518,155,1926,1119389
16S.B-Divvier,0.8-0.9,0,0.835403,0.102315,940,0,22,0,24897.71user,8.53system,6:55:25elapsed,13275,222,2033,1329434
16S.B-Divvier,0.8-0.9,0,0.852652,0.364215,886,0,18,0,14767.18user,5.65system,4:06:37elapsed,39401,192,2281,1212727
16S.B-Divvier,0.8-0.9,0,0.876283,0.215183,1511,0,16,0,46766.77user,20.18system,13:00:20elapsed,23467,391,4323,1984665
16S.B-Divvier,0.8-0.9,1,0.7109,0.1047,454,0,19,0,7180.11user,2.85system,1:59:55elapsed,3165,157,1076,655115
16S.B-Divvier,0.8-0.9,1,0.835403,0.097245,931,0,21,0,23930.15user,9.49system,6:39:18elapsed,12167,171,2138,1317315
16S.B-Divvier,0.8-0.9,1,0.874142,0.189896,566,0,18,0,7657.26user,2.98system,2:07:53elapsed,9274,114,1394,814297
16S.B-Divvier,0.8-0.9,1,0.876283,0.214983,1505,0,19,0,44053.62user,17.54system,12:14:54elapsed,23472,251,3614,1980473
16S.B-Divvier,0.8-0.9,2,0.715556,0.230077,248,0,23,0,2592.74user,1.03system,43:15.20elapsed,7320,6,518,301800
16S.B-Divvier,0.8-0.9,2,0.835403,0.093097,923,0,19,0,25256.19user,7.93system,7:01:28elapsed,11696,159,2146,1306400
16S.B-Divvier,0.8-0.9,2,0.870374,0.277724,465,0,19,0,7153.04user,2.75system,1:59:29elapsed,11109,110,1225,650591
16S.B-Divvier,0.8-0.9,2,0.876283,0.211539,1413,0,21,0,39403.60user,15.70system,10:57:22elapsed,21678,239,3104,1877635
16S.B-Divvier,0.8-0.9,3,0.703109,0.252829,122,0,18,0,1405.56user,0.88system,23:28.12elapsed,4734,4,328,162949
16S.B-Divvier,0.8-0.9,3,0.835403,0.089527,917,0,20,0,22931.14user,7.48system,6:22:40elapsed,11342,175,2122,1298136
16S.B-Divvier,0.8-0.9,3,0.870374,0.275845,446,0,20,0,7023.87user,3.52system,1:57:22elapsed,11982,45,1095,624855
16S.B-Divvier,0.8-0.9,3,0.876283,0.211489,1410,0,19,0,40926.07user,15.26system,11:22:52elapsed,22867,200,3567,1871507
16S.B-Divvier,0.8-0.9,4,0.720095,0.4026,54,0,17,0,520.84user,0.61system,8:41.72elapsed,2875,11,188,72268
16S.B-Divvier,0.8-0.9,4,0.84994,0.310259,507,0,22,0,6385.87user,2.40system,1:46:34elapsed,10130,98,1019,650957
16S.B-Divvier,0.8-0.9,4,0.870374,0.259524,401,0,17,0,6102.91user,2.18system,1:41:57elapsed,11007,95,1052,561634
16S.B-Divvier,0.8-0.9,4,0.876283,0.210716,1380,0,21,0,37517.89user,17.44system,10:26:04elapsed,21028,247,3087,1840194
16S.B-Divvier,0.9-1,0,0.912233,0.232387,717,0,18,0,13006.64user,4.96system,3:37:03elapsed,16116,125,1895,909286
16S.B-Divvier,0.9-1,0,0.945162,0.424973,980,0,19,0,19147.61user,8.46system,5:19:34elapsed,52810,228,2410,1195151
16S.B-Divvier,0.9-1,0,0.956081,0.455212,462,0,20,0,5715.94user,2.29system,1:35:21elapsed,26055,56,1138,561398
16S.B-Divvier,0.9-1,0,0.976981,0.129017,980,0,17,0,26109.80user,10.68system,7:15:46elapsed,15298,327,2619,1385271
16S.B-Divvier,0.9-1,1,0.912233,0.232011,716,0,19,0,13065.89user,4.39system,3:38:00elapsed,17275,136,1741,906763
16S.B-Divvier,0.9-1,1,0.93999,0.125627,446,0,17,0,7043.75user,2.59system,1:57:33elapsed,10838,149,1145,592602
16S.B-Divvier,0.9-1,1,0.966503,0.375648,444,0,23,0,5145.94user,2.06system,1:25:50elapsed,14430,97,827,569013
16S.B-Divvier,0.9-1,1,0.976981,0.126977,977,0,19,0,26711.05user,9.83system,7:25:31elapsed,14933,239,2425,1381522
16S.B-Divvier,0.9-1,2,0.912233,0.231995,715,0,14,0,13102.76user,4.28system,3:38:36elapsed,16504,139,2396,905378
16S.B-Divvier,0.9-1,2,0.93999,0.122725,444,0,20,0,7125.09user,2.52system,1:58:57elapsed,10389,160,960,590403
16S.B-Divvier,0.9-1,2,0.966503,0.375569,443,0,17,0,5314.25user,2.09system,1:28:40elapsed,16303,106,1261,565306
16S.B-Divvier,0.9-1,2,0.976981,0.118106,961,0,22,0,25784.69user,8.88system,7:10:33elapsed,15785,175,1998,1357882
16S.B-Divvier,0.9-1,3,0.912233,0.231973,714,0,17,0,12800.57user,4.50system,3:33:50elapsed,16671,179,1981,904059
16S.B-Divvier,0.9-1,3,0.93999,0.121869,443,0,23,0,7078.05user,2.56system,1:58:10elapsed,10393,68,998,589206
16S.B-Divvier,0.9-1,3,0.956081,0.38351,382,0,23,0,4608.02user,1.75system,1:16:54elapsed,20158,69,762,463377
16S.B-Divvier,0.9-1,3,0.976981,0.108129,948,0,22,0,25423.51user,9.39system,7:04:26elapsed,13033,271,1839,1341365
16S.B-Divvier,0.9-1,4,0.912233,0.232002,713,0,18,0,12739.67user,4.12system,3:32:42elapsed,16758,120,1857,902626
16S.B-Divvier,0.9-1,4,0.93897,0.201598,137,0,19,0,1594.57user,0.96system,26:38.40elapsed,2436,79,294,188993
16S.B-Divvier,0.9-1,4,0.956139,0.440636,155,0,20,0,1465.20user,1.02system,24:27.93elapsed,9081,16,370,198942
16S.B-Divvier,0.9-1,4,0.977152,0.370785,830,0,17,0,16140.94user,5.31system,4:30:43elapsed,32175,135,2350,995061
16S.B-Divvier,0.9-1,5,0.912233,0.231997,711,0,22,0,12652.64user,4.64system,3:31:13elapsed,17486,152,1466,899339
16S.B-Divvier,0.9-1,5,0.93095,0.185997,99,0,16,0,602.99user,0.62system,10:04.12elapsed,5001,12,326,79653
16S.B-Divvier,0.9-1,5,0.958723,0.411365,88,0,20,0,836.17user,0.68system,13:58.44elapsed,4325,34,217,117397
16S.B-Divvier,0.9-1,5,0.977152,0.368864,825,0,22,0,12994.81user,5.15system,3:37:10elapsed,38125,131,1754,982264
small-10-aa-RV100-BBA0039-Divvier,X,0,8.57740415,0,807,8,20,0,3465.92user,0.61system,57:57.76elapsed,29221,76,3532,269445
small-10-aa-RV100-BBA0039-Divvier,X,0,8.57740415,0,807,8,20,10,3395.93user,0.56system,56:46.29elapsed,29612,61,3547,269054
small-10-aa-RV100-BBA0039-Divvier,X,0,8.57740415,0,807,8,20,11,3378.99user,0.74system,56:31.23elapsed,29460,44,3564,269206
small-10-aa-RV100-BBA0039-Divvier,X,0,8.57740415,0,807,8,20,12,3344.07user,0.56system,55:47.01elapsed,29869,74,3534,268797
small-10-aa-RV100-BBA0039-Divvier,X,0,8.57740415,0,807,8,20,13,3374.29user,0.52system,56:26.07elapsed,29129,50,3558,269537
small-10-aa-RV100-BBA0039-Divvier,X,0,8.57740415,0,807,8,20,14,3441.66user,0.56system,57:30.59elapsed,29433,68,3540,269233
small-10-aa-RV100-BBA0039-Divvier,X,0,8.57740415,0,807,8,20,15,3469.81user,0.58system,57:59.08elapsed,29365,72,3536,269301
small-10-aa-RV100-BBA0039-Divvier,X,0,8.57740415,0,807,8,20,16,3450.15user,0.57system,57:40.11elapsed,29627,74,3534,269039
small-10-aa-RV100-BBA0039-Divvier,X,0,8.57740415,0,807,8,20,17,3335.92user,0.58system,55:47.65elapsed,29822,90,3518,268844
small-10-aa-RV100-BBA0039-Divvier,X,0,8.57740415,0,807,8,20,18,4663.38user,0.71system,1:18:09elapsed,29504,61,3547,269162
small-10-aa-RV100-BBA0039-Divvier,X,0,8.57740415,0,807,8,20,19,3345.90user,0.54system,56:06.91elapsed,29717,45,3563,268949
small-10-aa-RV100-BBA0039-Divvier,X,0,8.57740415,0,807,8,20,1,3490.46user,0.56system,58:28.11elapsed,29621,78,3530,269045
small-10-aa-RV100-BBA0039-Divvier,X,0,8.57740415,0,807,8,20,2,3413.34user,0.55system,57:06.47elapsed,29181,47,3561,269485
small-10-aa-RV100-BBA0039-Divvier,X,0,8.57740415,0,807,8,20,3,3428.33user,0.56system,57:26.74elapsed,29849,47,3561,268817
small-10-aa-RV100-BBA0039-Divvier,X,0,8.57740415,0,807,8,20,4,3445.63user,0.57system,57:39.20elapsed,29361,77,3531,269305
small-10-aa-RV100-BBA0039-Divvier,X,0,8.57740415,0,807,8,20,5,3366.30user,0.55system,56:28.99elapsed,29452,64,3544,269214
small-10-aa-RV100-BBA0039-Divvier,X,0,8.57740415,0,807,8,20,6,3440.92user,0.72system,57:42.56elapsed,29603,43,3565,269063
small-10-aa-RV100-BBA0039-Divvier,X,0,8.57740415,0,807,8,20,7,3433.39user,0.59system,57:38.97elapsed,29423,69,3539,269243
small-10-aa-RV100-BBA0039-Divvier,X,0,8.57740415,0,807,8,20,8,3344.88user,0.56system,56:15.39elapsed,29369,57,3551,269297
small-10-aa-RV100-BBA0039-Divvier,X,0,8.57740415,0,807,8,20,9,3246.71user,0.58system,54:19.09elapsed,29690,97,3511,268976
